/*
 Navicat Premium Data Transfer

 Source Server         : localhost
 Source Server Type    : MySQL
 Source Server Version : 80036
 Source Host           : localhost:3306
 Source Schema         : flash-sale

 Target Server Type    : MySQL
 Target Server Version : 80036
 File Encoding         : 65001

 Date: 30/07/2024 09:45:24
*/

SET NAMES utf8mb4;
SET FOREIGN_KEY_CHECKS = 0;

-- ----------------------------
-- Table structure for activity
-- ----------------------------
DROP TABLE IF EXISTS `activity`;
CREATE TABLE `activity`  (
  `activityId` varchar(18) CHARACTER SET utf8mb4 COLLATE utf8mb4_0900_ai_ci NOT NULL COMMENT '闪购活动id',
  `productId` varchar(18) CHARACTER SET utf8mb4 COLLATE utf8mb4_0900_ai_ci NOT NULL COMMENT '闪购商品id',
  `activityName` varchar(255) CHARACTER SET utf8mb4 COLLATE utf8mb4_0900_ai_ci NOT NULL COMMENT '闪购活动名称',
  `activityStatus` int NULL DEFAULT 0 COMMENT '闪购活动状态（0：闪购未开始 | 1：闪购已结束 | 2：闪购进行中）',
  `startTime` datetime NOT NULL COMMENT '闪购开始时间',
  `endTime` datetime NOT NULL COMMENT '闪购结束时间',
  `createTime` datetime NOT NULL COMMENT '闪购活动创建时间',
  `updateTime` datetime NULL DEFAULT NULL COMMENT '闪购活动更新时间',
  `isDeleted` int NULL DEFAULT 0 COMMENT '闪购活动是否删除（0：未删除 | 1：已删除）',
  PRIMARY KEY (`activityId`) USING BTREE,
  UNIQUE INDEX `activity_ibfk_1`(`productId` ASC) USING BTREE,
  UNIQUE INDEX `activity_ibfk_2`(`activityId` ASC) USING BTREE,
  CONSTRAINT `activity_ibfk_1` FOREIGN KEY (`productId`) REFERENCES `product` (`productId`) ON DELETE RESTRICT ON UPDATE CASCADE
) ENGINE = InnoDB CHARACTER SET = utf8mb4 COLLATE = utf8mb4_0900_ai_ci ROW_FORMAT = DYNAMIC;

-- ----------------------------
-- Records of activity
-- ----------------------------
INSERT INTO `activity` VALUES ('70427115652521984', '70425463956578304', '“1.1” 新年极速折扣', 2, '2024-03-22 10:00:00', '2024-10-23 15:00:00', '2015-11-13 13:42:47', '2024-07-30 09:43:37', 0);
INSERT INTO `activity` VALUES ('70427165078200320', '70425043867672576', '“12.12” 双十二极速疯抢', 2, '2024-02-27 19:00:00', '2024-10-15 12:00:00', '2006-04-05 14:01:50', '2024-07-30 09:43:37', 0);
INSERT INTO `activity` VALUES ('70427195033919488', '70425254740500480', '“4.22” 地球日闪购特惠', 2, '2024-01-27 11:00:00', '2024-09-27 08:00:00', '2001-10-10 17:45:54', '2024-07-30 09:43:37', 0);
INSERT INTO `activity` VALUES ('70427223525826560', '70425432683847680', '“5.20” 表白日极速购物', 0, '2024-09-02 18:00:00', '2024-10-01 14:00:00', '2022-10-11 20:15:31', '2024-07-30 09:43:37', 0);
INSERT INTO `activity` VALUES ('70427249681506304', '70425583389384704', '“6.18” 父亲节限时优惠', 0, '2024-08-28 06:00:00', '2024-08-30 01:00:00', '2004-04-25 05:59:50', '2024-07-30 09:43:37', 0);
INSERT INTO `activity` VALUES ('70427278542512128', '70424186098950144', '“7.7” 七夕节狂欢折扣', 1, '2024-01-05 17:00:00', '2024-07-06 08:00:00', '2003-04-01 09:06:04', '2024-07-30 09:43:37', 0);
INSERT INTO `activity` VALUES ('70427306124255232', '70425607141728256', '“8.15” 中秋节极速疯抢', 0, '2024-10-03 01:00:00', '2024-12-18 04:00:00', '2003-10-08 15:12:47', '2024-07-30 09:43:37', 0);
INSERT INTO `activity` VALUES ('70427331231358976', '70425096963366912', '“9.9” 茶叶节限时特惠', 0, '2024-10-22 19:00:00', '2024-11-14 15:00:00', '2021-12-26 05:34:42', '2024-07-30 09:43:37', 0);
INSERT INTO `activity` VALUES ('70427363808518144', '70425487792807936', '“12.24” 平安夜狂欢购物', 0, '2024-10-12 12:00:00', '2024-10-31 07:00:00', '2014-02-14 12:27:51', '2024-07-30 09:43:38', 0);
INSERT INTO `activity` VALUES ('70427388714295296', '70425137513897984', '“2.14” 情人节疯狂购物狂欢', 0, '2024-10-07 20:00:00', '2024-11-21 00:00:00', '2016-08-22 11:54:33', '2024-07-30 09:43:38', 0);
INSERT INTO `activity` VALUES ('70427426223955968', '70425379223248896', '“3.8” 妇女节限时特别优惠', 2, '2024-07-02 05:00:00', '2024-08-01 02:00:00', '2023-06-24 12:27:42', '2024-07-30 09:43:38', 0);
INSERT INTO `activity` VALUES ('70427450194403328', '70425281290444800', '“4.5” 清明节极速疯抢', 0, '2024-08-13 21:00:00', '2024-09-10 17:00:00', '2017-04-15 23:02:13', '2024-07-30 09:43:38', 0);
INSERT INTO `activity` VALUES ('70427478132662272', '70425512547590144', '“5.1” 劳动节狂欢闪购', 0, '2024-11-03 18:00:00', '2024-12-01 21:00:00', '2011-10-19 01:51:31', '2024-07-30 09:43:38', 0);
INSERT INTO `activity` VALUES ('70427507589259264', '70425323933933568', '“6.1” 儿童节限时大促销', 0, '2024-10-02 12:00:00', '2024-11-21 08:00:00', '2008-01-16 02:59:31', '2024-07-30 09:43:38', 0);
INSERT INTO `activity` VALUES ('70427537423343616', '70425537155571712', '“7.1” 建党节极速特惠', 2, '2024-05-16 14:00:00', '2024-11-12 07:00:00', '2023-11-24 06:13:22', '2024-07-30 09:43:38', 0);
INSERT INTO `activity` VALUES ('70427564266889216', '70425659729911808', '“8.1” 建军节限时狂欢', 2, '2024-06-26 10:00:00', '2024-12-02 02:00:00', '2012-08-19 21:56:04', '2024-07-30 09:43:38', 0);
INSERT INTO `activity` VALUES ('70427590238019584', '70425350228025344', '“9.10” 教师节极速放价', 2, '2024-04-14 18:00:00', '2024-10-11 22:00:00', '2002-11-12 13:29:31', '2024-07-30 09:43:38', 0);
INSERT INTO `activity` VALUES ('70427619828834304', '70425634979323904', '“10.1” 国庆节疯狂购物节', 1, '2024-03-24 01:00:00', '2024-07-01 22:00:00', '2008-11-27 11:12:57', '2024-07-30 09:43:38', 0);
INSERT INTO `activity` VALUES ('70427646001291264', '70425560463319040', '“11.11” 光棍节狂欢折扣', 2, '2024-06-13 08:00:00', '2024-11-22 02:00:00', '2009-07-06 11:28:22', '2024-07-30 09:43:38', 0);
INSERT INTO `activity` VALUES ('70427672584790016', '70425405043384320', '“3.15” 消费者权益日狂欢折扣', 1, '2024-03-14 03:00:00', '2024-06-23 00:00:00', '2024-01-14 17:30:33', '2024-07-30 09:43:38', 0);

-- ----------------------------
-- Table structure for order
-- ----------------------------
DROP TABLE IF EXISTS `order`;
CREATE TABLE `order`  (
  `orderId` varchar(18) CHARACTER SET utf8mb4 COLLATE utf8mb4_0900_ai_ci NOT NULL COMMENT '订单id',
  `userId` varchar(18) CHARACTER SET utf8mb4 COLLATE utf8mb4_0900_ai_ci NOT NULL COMMENT '用户id',
  `activityId` varchar(18) CHARACTER SET utf8mb4 COLLATE utf8mb4_0900_ai_ci NOT NULL COMMENT '闪购活动id',
  `productId` varchar(18) CHARACTER SET utf8mb4 COLLATE utf8mb4_0900_ai_ci NOT NULL COMMENT '商品id',
  `amount` decimal(10, 2) NOT NULL COMMENT '订单总价',
  `note` varchar(255) CHARACTER SET utf8mb4 COLLATE utf8mb4_0900_ai_ci NULL DEFAULT '' COMMENT '订单备注',
  `orderStatus` int NULL DEFAULT 0 COMMENT '订单状态（0：未完成 | 1：已完成）',
  `payStatus` int NULL DEFAULT 0 COMMENT '支付状态（0：未支付 | 1：已支付）',
  `shippingStatus` int NULL DEFAULT 0 COMMENT '运输状态（0：未发货 | 1：已发货 | 2：已收货）',
  `createTime` datetime NOT NULL COMMENT '订单创建时间',
  `updateTime` datetime NULL DEFAULT NULL COMMENT '订单修改时间',
  `isDeleted` int NULL DEFAULT 0 COMMENT '订单是否已删除（0：未删除 | 1：已删除）',
  PRIMARY KEY (`orderId`) USING BTREE,
  INDEX `productId`(`productId` ASC) USING BTREE,
  INDEX `userId`(`userId` ASC) USING BTREE,
  INDEX `activityId`(`activityId` ASC) USING BTREE,
  UNIQUE INDEX `orderId`(`orderId` ASC) USING BTREE,
  INDEX `orderStatus`(`orderStatus` ASC) USING BTREE,
  CONSTRAINT `order_ibfk_1` FOREIGN KEY (`userId`) REFERENCES `user` (`userId`) ON DELETE RESTRICT ON UPDATE CASCADE,
  CONSTRAINT `order_ibfk_2` FOREIGN KEY (`activityId`) REFERENCES `activity` (`activityId`) ON DELETE RESTRICT ON UPDATE CASCADE,
  CONSTRAINT `order_ibfk_3` FOREIGN KEY (`productId`) REFERENCES `product` (`productId`) ON DELETE RESTRICT ON UPDATE CASCADE
) ENGINE = InnoDB CHARACTER SET = utf8mb4 COLLATE = utf8mb4_0900_ai_ci ROW_FORMAT = DYNAMIC;

-- ----------------------------
-- Records of order
-- ----------------------------
INSERT INTO `order` VALUES ('70433147468521472', '51566514897559552', '70427478132662272', '70425634979323904', 7491.47, '无', 0, 0, 0, '2024-06-28 17:12:02', NULL, 0);
INSERT INTO `order` VALUES ('70433180611911680', '53374676264951808', '70427195033919488', '70425043867672576', 4478.13, '无', 1, 1, 2, '2024-01-11 08:45:28', NULL, 0);
INSERT INTO `order` VALUES ('70433206700482560', '51483200459251712', '70427165078200320', '70425137513897984', 5664.35, '无', 1, 1, 2, '2024-01-15 06:58:26', NULL, 0);
INSERT INTO `order` VALUES ('70433235158835200', '53298817336221696', '70427450194403328', '70425583389384704', 9239.85, '无', 1, 1, 2, '2024-03-07 08:28:14', NULL, 0);
INSERT INTO `order` VALUES ('70433259129282560', '51564333507158016', '70427426223955968', '70425281290444800', 2545.26, '无', 1, 1, 2, '2024-02-05 19:55:46', NULL, 0);
INSERT INTO `order` VALUES ('70433282533498880', '51563876156055552', '70427564266889216', '70425350228025344', 4774.13, '无', 1, 1, 2, '2024-03-17 09:56:01', NULL, 0);
INSERT INTO `order` VALUES ('70433306441031680', '51564750014128128', '70427537423343616', '70425096963366912', 1678.36, '无', 1, 1, 2, '2024-06-05 17:20:40', NULL, 0);
INSERT INTO `order` VALUES ('70433330549891072', '51565362583838720', '70427646001291264', '70425254740500480', 9021.59, '无', 1, 1, 2, '2024-05-01 15:04:21', NULL, 0);
INSERT INTO `order` VALUES ('70433359356370944', '51565026016108544', '70427590238019584', '70425432683847680', 1172.60, '无', 1, 1, 2, '2024-01-14 02:53:35', NULL, 0);
INSERT INTO `order` VALUES ('70433386665484288', '51565719888207872', '70427306124255232', '70425537155571712', 3769.74, '无', 1, 1, 2, '2024-01-05 13:54:01', NULL, 0);
INSERT INTO `order` VALUES ('70433411458015232', '56628654691983360', '70427619828834304', '70424186098950144', 1520.40, '无', 1, 1, 2, '2024-02-01 13:03:51', NULL, 0);
INSERT INTO `order` VALUES ('70433436254740480', '51481619848372224', '70427249681506304', '70425405043384320', 8728.84, '无', 1, 1, 2, '2024-06-08 18:42:39', NULL, 0);
INSERT INTO `order` VALUES ('70433458065121280', '51566162076901376', '70427388714295296', '70425560463319040', 6015.18, '无', 1, 1, 2, '2024-02-12 15:24:00', NULL, 0);
INSERT INTO `order` VALUES ('70433477258256384', '53374676264951808', '70427507589259264', '70425607141728256', 8251.67, '无', 1, 1, 2, '2024-01-29 12:50:26', NULL, 0);
INSERT INTO `order` VALUES ('70433499148328960', '51566162076901376', '70427331231358976', '70425512547590144', 6620.21, '无', 1, 1, 2, '2024-05-29 01:42:53', NULL, 0);
INSERT INTO `order` VALUES ('70433521113899008', '51563876156055552', '70427115652521984', '70425463956578304', 8367.55, '无', 1, 1, 2, '2024-03-25 00:55:09', NULL, 0);
INSERT INTO `order` VALUES ('70433542748119040', '51566514897559552', '70427363808518144', '70425323933933568', 6266.18, '无', 0, 1, 0, '2024-04-28 01:11:05', NULL, 0);
INSERT INTO `order` VALUES ('70433565489635328', '53374676264951808', '70427672584790016', '70425487792807936', 8878.34, '无', 0, 1, 0, '2024-01-04 03:42:03', NULL, 0);
INSERT INTO `order` VALUES ('70433586859614208', '51565362583838720', '70427223525826560', '70425379223248896', 3113.26, '无', 0, 1, 0, '2024-01-23 11:59:31', NULL, 0);
INSERT INTO `order` VALUES ('70433608988762112', '51564750014128128', '70427278542512128', '70425659729911808', 9897.08, '无', 0, 0, 0, '2024-05-11 03:13:25', NULL, 0);
INSERT INTO `order` VALUES ('73670198343114752', '51481619848372224', '70427564266889216', '70425659729911808', 5752.81, '无', 0, 1, 0, '2024-07-22 15:07:13', NULL, 0);
INSERT INTO `order` VALUES ('73673365504008192', '51481619848372224', '70427306124255232', '70425607141728256', 6922.18, '无', 0, 1, 0, '2024-07-22 15:11:39', NULL, 0);
INSERT INTO `order` VALUES ('73673634707021824', '51481619848372224', '70427363808518144', '70425487792807936', 3648.89, '无', 0, 1, 0, '2024-07-22 15:12:43', NULL, 0);
INSERT INTO `order` VALUES ('73673962215055360', '51481619848372224', '70427363808518144', '70425487792807936', 3648.89, '无', 0, 1, 0, '2024-07-22 15:14:01', NULL, 0);
INSERT INTO `order` VALUES ('73674688299409408', '51481619848372224', '70427363808518144', '70425487792807936', 3648.89, '无', 0, 1, 0, '2024-07-22 15:16:55', NULL, 0);
INSERT INTO `order` VALUES ('73675274122043392', '51481619848372224', '70427363808518144', '70425487792807936', 3648.89, '无', 0, 1, 0, '2024-07-22 15:19:14', NULL, 0);
INSERT INTO `order` VALUES ('73675488522280960', '51481619848372224', '70427363808518144', '70425487792807936', 3648.89, '无', 0, 1, 0, '2024-07-22 15:20:05', NULL, 0);
INSERT INTO `order` VALUES ('73676097455529984', '51481619848372224', '70427363808518144', '70425487792807936', 3648.89, '请发顺丰谢谢', 0, 1, 0, '2024-07-22 15:22:31', NULL, 0);
INSERT INTO `order` VALUES ('73676420446298112', '51481619848372224', '70427363808518144', '70425487792807936', 3648.89, '请发顺丰谢谢', 0, 1, 0, '2024-07-22 15:23:48', NULL, 0);
INSERT INTO `order` VALUES ('73676649010700288', '51481619848372224', '70427363808518144', '70425487792807936', 3648.89, '请发顺丰谢谢', 0, 1, 0, '2024-07-22 15:24:42', NULL, 0);

-- ----------------------------
-- Table structure for product
-- ----------------------------
DROP TABLE IF EXISTS `product`;
CREATE TABLE `product`  (
  `productId` varchar(18) CHARACTER SET utf8mb4 COLLATE utf8mb4_0900_ai_ci NOT NULL COMMENT '商品id',
  `productName` varchar(100) CHARACTER SET utf8mb4 COLLATE utf8mb4_0900_ai_ci NOT NULL COMMENT '商品名称',
  `isFlashSale` int NULL DEFAULT 0 COMMENT '是否参与闪购（0：不参与 | 1：参与）',
  `price` decimal(10, 2) NOT NULL COMMENT '闪购价格（单价：元/件）',
  `stock` int NOT NULL COMMENT '商品库存',
  `sales` int NULL DEFAULT 0 COMMENT '商品销量',
  `images` text CHARACTER SET utf8mb4 COLLATE utf8mb4_0900_ai_ci NOT NULL COMMENT '商品图片',
  `createTime` datetime NOT NULL COMMENT '商品创建时间',
  `updateTime` datetime NULL DEFAULT NULL COMMENT '商品更新时间',
  `isDeleted` int NULL DEFAULT 0 COMMENT '商品是否删除（0：未删除 | 1：已删除）',
  PRIMARY KEY (`productId`) USING BTREE,
  UNIQUE INDEX `product_ibfk_1`(`productId` ASC) USING BTREE,
  INDEX `product_ibfk_2`(`isFlashSale` ASC) USING BTREE
) ENGINE = InnoDB CHARACTER SET = utf8mb4 COLLATE = utf8mb4_0900_ai_ci ROW_FORMAT = DYNAMIC;

-- ----------------------------
-- Records of product
-- ----------------------------
INSERT INTO `product` VALUES ('70424186098950144', 'HUAWEI P10 8+256GB 夜光之星，超级稳定版', 0, 1168.14, 10, 6437, 'http://192.168.182.128:9000/flash-sale-image-store/product_20240729091715149_76120892539019264.png?X-Amz-Algorithm=AWS4-HMAC-SHA256&X-Amz-Credential=riIFtW7isF1Y1UuZvgJO%2F20240729%2Fus-east-1%2Fs3%2Faws4_request&X-Amz-Date=20240729T011715Z&X-Amz-Expires=604800&X-Amz-SignedHeaders=host&X-Amz-Signature=6ae0aa4eb799492ed9f764649bc920a1550f16fab59ef0adb875dc92adc03b96', '2024-07-11 14:56:09', '2024-07-19 10:50:25', 0);
INSERT INTO `product` VALUES ('70425043867672576', 'HUAWEI P20 12+512GB 智能影像王，超视觉全屏', 1, 9765.96, 13, 9448, 'http://192.168.182.128:9000/flash-sale-image-store/product_20240729091715149_76120892539019264.png?X-Amz-Algorithm=AWS4-HMAC-SHA256&X-Amz-Credential=riIFtW7isF1Y1UuZvgJO%2F20240729%2Fus-east-1%2Fs3%2Faws4_request&X-Amz-Date=20240729T011715Z&X-Amz-Expires=604800&X-Amz-SignedHeaders=host&X-Amz-Signature=6ae0aa4eb799492ed9f764649bc920a1550f16fab59ef0adb875dc92adc03b96', '2024-07-03 07:07:03', '2024-07-19 10:51:05', 0);
INSERT INTO `product` VALUES ('70425096963366912', 'HUAWEI P30 6+128GB 瞬充神速，高安全解锁', 1, 8562.69, 10, 13823, 'http://192.168.182.128:9000/flash-sale-image-store/product_20240729091715149_76120892539019264.png?X-Amz-Algorithm=AWS4-HMAC-SHA256&X-Amz-Credential=riIFtW7isF1Y1UuZvgJO%2F20240729%2Fus-east-1%2Fs3%2Faws4_request&X-Amz-Date=20240729T011715Z&X-Amz-Expires=604800&X-Amz-SignedHeaders=host&X-Amz-Signature=6ae0aa4eb799492ed9f764649bc920a1550f16fab59ef0adb875dc92adc03b96', '2024-07-05 22:04:55', '2024-07-19 10:15:13', 0);
INSERT INTO `product` VALUES ('70425137513897984', 'HUAWEI P40 10+256GB 极速游戏王，智能冷却系统', 1, 4433.44, 2, 16247, 'http://192.168.182.128:9000/flash-sale-image-store/product_20240729091715149_76120892539019264.png?X-Amz-Algorithm=AWS4-HMAC-SHA256&X-Amz-Credential=riIFtW7isF1Y1UuZvgJO%2F20240729%2Fus-east-1%2Fs3%2Faws4_request&X-Amz-Date=20240729T011715Z&X-Amz-Expires=604800&X-Amz-SignedHeaders=host&X-Amz-Signature=6ae0aa4eb799492ed9f764649bc920a1550f16fab59ef0adb875dc92adc03b96', '2024-07-12 06:05:34', '2024-07-19 10:51:16', 0);
INSERT INTO `product` VALUES ('70425254740500480', 'HUAWEI P50 18+128GB 超视野巨屏，无线充电大师', 0, 7404.96, 8, 16608, 'http://192.168.182.128:9000/flash-sale-image-store/product_20240729091715149_76120892539019264.png?X-Amz-Algorithm=AWS4-HMAC-SHA256&X-Amz-Credential=riIFtW7isF1Y1UuZvgJO%2F20240729%2Fus-east-1%2Fs3%2Faws4_request&X-Amz-Date=20240729T011715Z&X-Amz-Expires=604800&X-Amz-SignedHeaders=host&X-Amz-Signature=6ae0aa4eb799492ed9f764649bc920a1550f16fab59ef0adb875dc92adc03b96', '2024-07-06 09:56:46', '2024-07-19 10:51:24', 0);
INSERT INTO `product` VALUES ('70425281290444800', 'HUAWEI P60 8+256GB 夜幕特工，视频稳定专家', 0, 8532.61, 7, 10251, 'http://192.168.182.128:9000/flash-sale-image-store/product_20240729091715149_76120892539019264.png?X-Amz-Algorithm=AWS4-HMAC-SHA256&X-Amz-Credential=riIFtW7isF1Y1UuZvgJO%2F20240729%2Fus-east-1%2Fs3%2Faws4_request&X-Amz-Date=20240729T011715Z&X-Amz-Expires=604800&X-Amz-SignedHeaders=host&X-Amz-Signature=6ae0aa4eb799492ed9f764649bc920a1550f16fab59ef0adb875dc92adc03b96', '2024-07-03 22:58:16', '2024-07-19 10:51:30', 0);
INSERT INTO `product` VALUES ('70425323933933568', 'HUAWEI P70 12+512GB AI画质宝藏，超清幻彩屏', 0, 6551.87, 12, 7526, 'http://192.168.182.128:9000/flash-sale-image-store/product_20240729091715149_76120892539019264.png?X-Amz-Algorithm=AWS4-HMAC-SHA256&X-Amz-Credential=riIFtW7isF1Y1UuZvgJO%2F20240729%2Fus-east-1%2Fs3%2Faws4_request&X-Amz-Date=20240729T011715Z&X-Amz-Expires=604800&X-Amz-SignedHeaders=host&X-Amz-Signature=6ae0aa4eb799492ed9f764649bc920a1550f16fab59ef0adb875dc92adc03b96', '2024-07-11 18:15:01', '2024-07-19 10:51:38', 0);
INSERT INTO `product` VALUES ('70425350228025344', 'HUAWEI P80 6+128GB 高效急速充电，极速识别系统', 1, 5209.47, 7, 4666, 'http://192.168.182.128:9000/flash-sale-image-store/product_20240729091715149_76120892539019264.png?X-Amz-Algorithm=AWS4-HMAC-SHA256&X-Amz-Credential=riIFtW7isF1Y1UuZvgJO%2F20240729%2Fus-east-1%2Fs3%2Faws4_request&X-Amz-Date=20240729T011715Z&X-Amz-Expires=604800&X-Amz-SignedHeaders=host&X-Amz-Signature=6ae0aa4eb799492ed9f764649bc920a1550f16fab59ef0adb875dc92adc03b96', '2024-07-09 17:05:44', '2024-07-19 10:51:46', 0);
INSERT INTO `product` VALUES ('70425379223248896', 'HUAWEI P90 10+256GB 游戏加速掌门，智能温控大师', 0, 7002.79, 8, 5881, 'http://192.168.182.128:9000/flash-sale-image-store/product_20240729091715149_76120892539019264.png?X-Amz-Algorithm=AWS4-HMAC-SHA256&X-Amz-Credential=riIFtW7isF1Y1UuZvgJO%2F20240729%2Fus-east-1%2Fs3%2Faws4_request&X-Amz-Date=20240729T011715Z&X-Amz-Expires=604800&X-Amz-SignedHeaders=host&X-Amz-Signature=6ae0aa4eb799492ed9f764649bc920a1550f16fab59ef0adb875dc92adc03b96', '2024-07-11 04:17:02', '2024-07-19 10:51:54', 0);
INSERT INTO `product` VALUES ('70425405043384320', 'HUAWEI Nova1 8+128GB 超震撼大屏，极速无线充电', 1, 8283.36, 14, 18419, 'http://192.168.182.128:9000/flash-sale-image-store/product_20240729091715149_76120892539019264.png?X-Amz-Algorithm=AWS4-HMAC-SHA256&X-Amz-Credential=riIFtW7isF1Y1UuZvgJO%2F20240729%2Fus-east-1%2Fs3%2Faws4_request&X-Amz-Date=20240729T011715Z&X-Amz-Expires=604800&X-Amz-SignedHeaders=host&X-Amz-Signature=6ae0aa4eb799492ed9f764649bc920a1550f16fab59ef0adb875dc92adc03b96', '2024-07-13 10:36:38', '2024-07-19 10:52:08', 0);
INSERT INTO `product` VALUES ('70425432683847680', 'HUAWEI Nova2 8+256GB 夜光护卫，超级防抖版', 0, 8242.89, 9, 4562, 'http://192.168.182.128:9000/flash-sale-image-store/product_20240729091715149_76120892539019264.png?X-Amz-Algorithm=AWS4-HMAC-SHA256&X-Amz-Credential=riIFtW7isF1Y1UuZvgJO%2F20240729%2Fus-east-1%2Fs3%2Faws4_request&X-Amz-Date=20240729T011715Z&X-Amz-Expires=604800&X-Amz-SignedHeaders=host&X-Amz-Signature=6ae0aa4eb799492ed9f764649bc920a1550f16fab59ef0adb875dc92adc03b96', '2024-07-04 11:23:57', '2024-07-19 10:52:28', 0);
INSERT INTO `product` VALUES ('70425463956578304', 'HUAWEI Nova3 12+512GB 智能拍照大师，超高清显示', 1, 9250.75, 5, 13062, 'http://192.168.182.128:9000/flash-sale-image-store/product_20240729091715149_76120892539019264.png?X-Amz-Algorithm=AWS4-HMAC-SHA256&X-Amz-Credential=riIFtW7isF1Y1UuZvgJO%2F20240729%2Fus-east-1%2Fs3%2Faws4_request&X-Amz-Date=20240729T011715Z&X-Amz-Expires=604800&X-Amz-SignedHeaders=host&X-Amz-Signature=6ae0aa4eb799492ed9f764649bc920a1550f16fab59ef0adb875dc92adc03b96', '2024-07-04 03:37:03', '2024-07-19 10:52:50', 0);
INSERT INTO `product` VALUES ('70425487792807936', 'HUAWEI Nova4 6+128GB 瞬充技术，快速指纹解锁', 0, 3648.89, 8, 17596, 'http://192.168.182.128:9000/flash-sale-image-store/product_20240729091715149_76120892539019264.png?X-Amz-Algorithm=AWS4-HMAC-SHA256&X-Amz-Credential=riIFtW7isF1Y1UuZvgJO%2F20240729%2Fus-east-1%2Fs3%2Faws4_request&X-Amz-Date=20240729T011715Z&X-Amz-Expires=604800&X-Amz-SignedHeaders=host&X-Amz-Signature=6ae0aa4eb799492ed9f764649bc920a1550f16fab59ef0adb875dc92adc03b96', '2024-07-13 22:36:36', '2024-07-19 10:53:06', 0);
INSERT INTO `product` VALUES ('70425512547590144', 'HUAWEI Nova5 10+256GB 游戏加速极品，全天候智能温控', 0, 3253.94, 6, 1600, 'http://192.168.182.128:9000/flash-sale-image-store/product_20240729091715149_76120892539019264.png?X-Amz-Algorithm=AWS4-HMAC-SHA256&X-Amz-Credential=riIFtW7isF1Y1UuZvgJO%2F20240729%2Fus-east-1%2Fs3%2Faws4_request&X-Amz-Date=20240729T011715Z&X-Amz-Expires=604800&X-Amz-SignedHeaders=host&X-Amz-Signature=6ae0aa4eb799492ed9f764649bc920a1550f16fab59ef0adb875dc92adc03b96', '2024-07-09 21:05:39', '2024-07-19 10:53:16', 0);
INSERT INTO `product` VALUES ('70425537155571712', 'HUAWEI Mate10 8+128GB 超大视野屏幕，极速无线快充', 1, 3980.94, 3, 17459, 'http://192.168.182.128:9000/flash-sale-image-store/product_20240729091715149_76120892539019264.png?X-Amz-Algorithm=AWS4-HMAC-SHA256&X-Amz-Credential=riIFtW7isF1Y1UuZvgJO%2F20240729%2Fus-east-1%2Fs3%2Faws4_request&X-Amz-Date=20240729T011715Z&X-Amz-Expires=604800&X-Amz-SignedHeaders=host&X-Amz-Signature=6ae0aa4eb799492ed9f764649bc920a1550f16fab59ef0adb875dc92adc03b96', '2024-07-09 00:35:05', '2024-07-19 10:53:28', 0);
INSERT INTO `product` VALUES ('70425560463319040', 'HUAWEI Mate20 8+256GB 夜幕精灵，视频超级防抖', 0, 9916.10, 5, 13900, 'http://192.168.182.128:9000/flash-sale-image-store/product_20240729091715149_76120892539019264.png?X-Amz-Algorithm=AWS4-HMAC-SHA256&X-Amz-Credential=riIFtW7isF1Y1UuZvgJO%2F20240729%2Fus-east-1%2Fs3%2Faws4_request&X-Amz-Date=20240729T011715Z&X-Amz-Expires=604800&X-Amz-SignedHeaders=host&X-Amz-Signature=6ae0aa4eb799492ed9f764649bc920a1550f16fab59ef0adb875dc92adc03b96', '2024-07-12 10:46:48', '2024-07-19 10:53:39', 0);
INSERT INTO `product` VALUES ('70425583389384704', 'HUAWEI Mate30 12+512GB AI影像达人，超视觉清晰屏', 1, 6337.22, 10, 14158, 'http://192.168.182.128:9000/flash-sale-image-store/product_20240729091715149_76120892539019264.png?X-Amz-Algorithm=AWS4-HMAC-SHA256&X-Amz-Credential=riIFtW7isF1Y1UuZvgJO%2F20240729%2Fus-east-1%2Fs3%2Faws4_request&X-Amz-Date=20240729T011715Z&X-Amz-Expires=604800&X-Amz-SignedHeaders=host&X-Amz-Signature=6ae0aa4eb799492ed9f764649bc920a1550f16fab59ef0adb875dc92adc03b96', '2024-07-09 21:34:14', '2024-07-19 10:52:19', 0);
INSERT INTO `product` VALUES ('70425607141728256', 'HUAWEI Mate40 6+128GB 高效急充系统，超速指纹辨识', 1, 6922.18, 13, 13803, 'http://192.168.182.128:9000/flash-sale-image-store/product_20240729091715149_76120892539019264.png?X-Amz-Algorithm=AWS4-HMAC-SHA256&X-Amz-Credential=riIFtW7isF1Y1UuZvgJO%2F20240729%2Fus-east-1%2Fs3%2Faws4_request&X-Amz-Date=20240729T011715Z&X-Amz-Expires=604800&X-Amz-SignedHeaders=host&X-Amz-Signature=6ae0aa4eb799492ed9f764649bc920a1550f16fab59ef0adb875dc92adc03b96', '2024-07-11 02:02:33', '2024-07-19 10:52:38', 0);
INSERT INTO `product` VALUES ('70425634979323904', 'HUAWEI Mate50 10+256GB 游戏加速专家，智能温控系统', 1, 6342.04, 1, 8706, 'http://192.168.182.128:9000/flash-sale-image-store/product_20240729091715149_76120892539019264.png?X-Amz-Algorithm=AWS4-HMAC-SHA256&X-Amz-Credential=riIFtW7isF1Y1UuZvgJO%2F20240729%2Fus-east-1%2Fs3%2Faws4_request&X-Amz-Date=20240729T011715Z&X-Amz-Expires=604800&X-Amz-SignedHeaders=host&X-Amz-Signature=6ae0aa4eb799492ed9f764649bc920a1550f16fab59ef0adb875dc92adc03b96', '2024-07-11 16:09:49', '2024-07-19 10:52:58', 0);
INSERT INTO `product` VALUES ('70425659729911808', 'HUAWEI Mate60 8+128GB 超大观感屏，极速无线充电技术', 0, 5752.81, 7, 5823, 'http://192.168.182.128:9000/flash-sale-image-store/product_20240729091715149_76120892539019264.png?X-Amz-Algorithm=AWS4-HMAC-SHA256&X-Amz-Credential=riIFtW7isF1Y1UuZvgJO%2F20240729%2Fus-east-1%2Fs3%2Faws4_request&X-Amz-Date=20240729T011715Z&X-Amz-Expires=604800&X-Amz-SignedHeaders=host&X-Amz-Signature=6ae0aa4eb799492ed9f764649bc920a1550f16fab59ef0adb875dc92adc03b96', '2024-07-10 14:54:53', NULL, 0);

-- ----------------------------
-- Table structure for reservation
-- ----------------------------
DROP TABLE IF EXISTS `reservation`;
CREATE TABLE `reservation`  (
  `reservationId` varchar(18) CHARACTER SET utf8mb4 COLLATE utf8mb4_0900_ai_ci NOT NULL COMMENT '预约活动id',
  `activityId` varchar(18) CHARACTER SET utf8mb4 COLLATE utf8mb4_0900_ai_ci NOT NULL COMMENT '预约的闪购活动 id',
  `reservationName` varchar(255) CHARACTER SET utf8mb4 COLLATE utf8mb4_0900_ai_ci NOT NULL COMMENT '预约活动名称',
  `reservationStatus` int NULL DEFAULT 0 COMMENT '预约状态（0：预约未开始 | 1：预约已结束 | 2：预约进行中）',
  `startTime` datetime NOT NULL COMMENT '预约活动开始时间',
  `endTime` datetime NOT NULL COMMENT '预约活动结束时间',
  `createTime` datetime NOT NULL COMMENT '预约活动创建时间',
  `updateTime` datetime NULL DEFAULT NULL COMMENT '预约活动更新时间',
  `isDeleted` int NULL DEFAULT 0 COMMENT '预约活动是否删除（0：未删除 | 1：已删除）',
  PRIMARY KEY (`reservationId`) USING BTREE,
  UNIQUE INDEX `reservation_ibfk_1`(`activityId` ASC) USING BTREE,
  INDEX `reservation_ibfk_2`(`reservationStatus` ASC) USING BTREE,
  UNIQUE INDEX `reservation_ibfk_3`(`reservationId` ASC) USING BTREE,
  CONSTRAINT `reservation_ibfk_1` FOREIGN KEY (`activityId`) REFERENCES `activity` (`activityId`) ON DELETE RESTRICT ON UPDATE CASCADE
) ENGINE = InnoDB CHARACTER SET = utf8mb4 COLLATE = utf8mb4_0900_ai_ci ROW_FORMAT = DYNAMIC;

-- ----------------------------
-- Records of reservation
-- ----------------------------
INSERT INTO `reservation` VALUES ('70428617280462848', '70427249681506304', '“3.8” 妇女节限时特别优惠预约活动', 2, '2024-04-30 09:00:00', '2024-08-09 01:00:00', '2024-03-05 00:16:31', '2024-07-30 09:43:35', 0);
INSERT INTO `reservation` VALUES ('70428644795097088', '70427331231358976', '“6.1” 儿童节限时大促销预约活动', 2, '2024-06-01 05:00:00', '2024-08-20 03:00:00', '2024-03-10 11:13:05', '2024-07-30 09:43:35', 0);
INSERT INTO `reservation` VALUES ('70428670460043264', '70427426223955968', '“3.8” 妇女节限时特别优惠预约活动', 0, '2024-11-20 17:00:00', '2024-12-19 00:00:00', '2024-02-07 23:23:21', '2024-07-30 09:43:35', 0);
INSERT INTO `reservation` VALUES ('70428696343093248', '70427165078200320', '“4.5” 清明节极速疯抢预约活动', 1, '2024-06-10 22:00:00', '2024-06-30 09:00:00', '2024-04-15 12:18:29', '2024-07-30 09:43:35', 0);
INSERT INTO `reservation` VALUES ('70428722477801472', '70427450194403328', '“5.1” 劳动节狂欢闪购预约活动', 0, '2024-10-08 02:00:00', '2024-10-15 15:00:00', '2024-04-08 06:42:12', '2024-07-30 09:43:35', 0);
INSERT INTO `reservation` VALUES ('70428749690445824', '70427590238019584', '“7.7” 七夕节狂欢折扣预约活动', 2, '2024-04-16 12:00:00', '2024-09-26 17:00:00', '2024-04-05 22:24:13', '2024-07-30 09:43:35', 0);
INSERT INTO `reservation` VALUES ('70428781676208128', '70427564266889216', '“11.11” 光棍节限时特惠预约活动', 0, '2024-11-14 15:00:00', '2024-12-25 09:00:00', '2024-05-14 21:42:50', '2024-07-30 09:43:35', 0);
INSERT INTO `reservation` VALUES ('70428807282434048', '70427363808518144', '“1.1” 新年极速折扣预约活动', 2, '2024-05-07 08:00:00', '2024-12-16 22:00:00', '2024-06-29 17:49:51', '2024-07-30 09:43:35', 0);
INSERT INTO `reservation` VALUES ('70428833933041664', '70427537423343616', '“9.9” 茶叶节限时特惠预约活动', 0, '2024-10-23 17:00:00', '2024-10-29 06:00:00', '2024-06-23 23:12:28', '2024-07-30 09:43:35', 0);
INSERT INTO `reservation` VALUES ('70428859216306176', '70427619828834304', '“12.24” 平安夜狂欢购物预约活动', 1, '2024-04-21 13:00:00', '2024-05-10 07:00:00', '2024-05-07 11:07:50', '2024-07-30 09:43:35', 0);
INSERT INTO `reservation` VALUES ('70428885946605568', '70427223525826560', '“3.15” 消费者权益日狂欢折扣预约活动', 1, '2024-05-23 20:00:00', '2024-06-17 17:00:00', '2024-06-28 01:26:31', '2024-07-30 09:43:35', 0);
INSERT INTO `reservation` VALUES ('70428918309855232', '70427306124255232', '“10.1” 国庆节疯狂购物节预约活动', 1, '2024-06-20 00:00:00', '2024-07-19 02:00:00', '2024-01-14 04:25:43', '2024-07-30 09:43:35', 0);
INSERT INTO `reservation` VALUES ('70428945568636928', '70427115652521984', '“3.15” 消费者权益日狂欢折扣预约活动', 2, '2024-05-18 13:00:00', '2024-09-26 12:00:00', '2024-02-18 19:33:10', '2024-07-30 09:43:35', 0);
INSERT INTO `reservation` VALUES ('70428970654769152', '70427195033919488', '“2.14” 情人节疯狂购物狂欢预约活动', 1, '2024-01-23 22:00:00', '2024-05-24 14:00:00', '2024-03-12 12:06:09', '2024-07-30 09:43:35', 0);
INSERT INTO `reservation` VALUES ('70428994734268416', '70427646001291264', '“5.1” 劳动节狂欢闪购预约活动', 1, '2024-01-12 00:00:00', '2024-05-07 04:00:00', '2024-03-04 00:22:05', '2024-07-30 09:43:35', 0);
INSERT INTO `reservation` VALUES ('70429017278652416', '70427278542512128', '“2.14” 情人节疯狂购物狂欢预约活动', 0, '2024-08-05 09:00:00', '2024-10-18 03:00:00', '2024-03-14 00:37:11', '2024-07-30 09:43:35', 0);
INSERT INTO `reservation` VALUES ('70429040385073152', '70427507589259264', '“11.11” 光棍节限时特惠预约活动', 2, '2024-06-27 03:00:00', '2024-10-22 22:00:00', '2024-01-29 01:09:08', '2024-07-30 09:43:35', 0);
INSERT INTO `reservation` VALUES ('70429064271634432', '70427388714295296', '“6.1” 儿童节限时大促销预约活动', 0, '2024-09-15 15:00:00', '2024-10-24 01:00:00', '2024-05-14 10:00:01', '2024-07-30 09:43:35', 0);
INSERT INTO `reservation` VALUES ('70429086849572864', '70427672584790016', '“3.8” 妇女节限时特别优惠预约活动', 2, '2024-07-28 22:00:00', '2024-08-29 07:00:00', '2024-02-08 05:37:41', '2024-07-30 09:43:35', 0);
INSERT INTO `reservation` VALUES ('70429114406150144', '70427478132662272', '“8.15” 中秋节极速疯抢预约活动', 2, '2024-06-30 23:00:00', '2024-08-14 00:00:00', '2024-05-03 10:20:44', '2024-07-30 09:43:35', 0);

-- ----------------------------
-- Table structure for reservation_user
-- ----------------------------
DROP TABLE IF EXISTS `reservation_user`;
CREATE TABLE `reservation_user`  (
  `id` varchar(18) CHARACTER SET utf8mb4 COLLATE utf8mb4_0900_ai_ci NOT NULL COMMENT '预约信息id',
  `reservationId` varchar(18) CHARACTER SET utf8mb4 COLLATE utf8mb4_0900_ai_ci NOT NULL COMMENT '预约活动id',
  `userId` varchar(18) CHARACTER SET utf8mb4 COLLATE utf8mb4_0900_ai_ci NOT NULL COMMENT '用户id',
  `createTime` datetime NOT NULL COMMENT '创建时间',
  `updateTime` datetime NULL DEFAULT NULL COMMENT '更新时间',
  `isDeleted` int NULL DEFAULT 0 COMMENT '预约是否删除（0：未删除 | 1：已删除）',
  PRIMARY KEY (`id`) USING BTREE,
  UNIQUE INDEX `reservation_user__ibfk_1`(`reservationId` ASC) USING BTREE,
  INDEX `reservation_user__ibfk_2`(`userId` ASC) USING BTREE,
  INDEX `reservation_user__ibfk_3`(`createTime` ASC) USING BTREE,
  INDEX `reservation_user__ibfk_4`(`reservationId` ASC, `userId` ASC) USING BTREE,
  CONSTRAINT `reservation_user__ibfk_1` FOREIGN KEY (`reservationId`) REFERENCES `reservation` (`reservationId`) ON DELETE RESTRICT ON UPDATE CASCADE,
  CONSTRAINT `reservation_user__ibfk_2` FOREIGN KEY (`userId`) REFERENCES `user` (`userId`) ON DELETE RESTRICT ON UPDATE CASCADE
) ENGINE = InnoDB CHARACTER SET = utf8mb4 COLLATE = utf8mb4_0900_ai_ci ROW_FORMAT = DYNAMIC;

-- ----------------------------
-- Records of reservation_user
-- ----------------------------
INSERT INTO `reservation_user` VALUES ('70429264558039040', '70429114406150144', '51483200459251712', '2024-07-29 19:44:20', NULL, 0);
INSERT INTO `reservation_user` VALUES ('70429298326380544', '70428945568636928', '56628654691983360', '2024-07-30 15:20:42', NULL, 0);
INSERT INTO `reservation_user` VALUES ('70429330869985280', '70428918309855232', '51565362583838720', '2024-07-29 15:40:33', NULL, 0);
INSERT INTO `reservation_user` VALUES ('70429360108478464', '70428859216306176', '51565719888207872', '2024-07-30 00:30:17', NULL, 0);
INSERT INTO `reservation_user` VALUES ('70429389720264704', '70428885946605568', '51564333507158016', '2024-07-26 02:22:41', NULL, 0);
INSERT INTO `reservation_user` VALUES ('70429414357606400', '70428807282434048', '53374676264951808', '2024-07-30 14:52:35', NULL, 0);
INSERT INTO `reservation_user` VALUES ('70429438529380352', '70429017278652416', '51564750014128128', '2024-07-28 17:31:31', NULL, 0);
INSERT INTO `reservation_user` VALUES ('70429462243975168', '70428833933041664', '53298817336221696', '2024-07-29 05:16:56', NULL, 0);
INSERT INTO `reservation_user` VALUES ('70429485522362368', '70428617280462848', '51481619848372224', '2024-07-29 00:03:01', NULL, 0);
INSERT INTO `reservation_user` VALUES ('70429512231690240', '70429040385073152', '51566514897559552', '2024-07-28 20:25:53', NULL, 0);
INSERT INTO `reservation_user` VALUES ('70429537925996544', '70428970654769152', '51565026016108544', '2024-07-24 04:41:07', NULL, 0);
INSERT INTO `reservation_user` VALUES ('70429565683900416', '70428749690445824', '51563876156055552', '2024-07-30 04:13:48', NULL, 0);
INSERT INTO `reservation_user` VALUES ('70429589977309184', '70428994734268416', '51566162076901376', '2024-07-26 07:37:42', NULL, 0);
INSERT INTO `reservation_user` VALUES ('70429612462972928', '70428781676208128', '51565026016108544', '2024-07-27 08:53:06', NULL, 0);
INSERT INTO `reservation_user` VALUES ('70429633929420800', '70428670460043264', '53374676264951808', '2024-07-25 19:43:19', NULL, 0);
INSERT INTO `reservation_user` VALUES ('70429656394113024', '70428696343093248', '51565719888207872', '2024-07-24 04:41:08', NULL, 0);
INSERT INTO `reservation_user` VALUES ('70429679307595776', '70428644795097088', '56628654691983360', '2024-07-23 20:09:17', NULL, 0);
INSERT INTO `reservation_user` VALUES ('70429701214445568', '70428722477801472', '51481619848372224', '2024-07-28 17:58:38', NULL, 0);
INSERT INTO `reservation_user` VALUES ('70429731971276800', '70429064271634432', '51566514897559552', '2024-07-29 22:06:01', NULL, 0);
INSERT INTO `reservation_user` VALUES ('70429758986788864', '70429086849572864', '51566162076901376', '2024-07-29 05:09:21', NULL, 0);

-- ----------------------------
-- Table structure for user
-- ----------------------------
DROP TABLE IF EXISTS `user`;
CREATE TABLE `user`  (
  `userId` varchar(18) CHARACTER SET utf8mb4 COLLATE utf8mb4_0900_ai_ci NOT NULL COMMENT '用户 id',
  `realName` varchar(50) CHARACTER SET utf8mb4 COLLATE utf8mb4_0900_ai_ci NOT NULL COMMENT '用户真实姓名',
  `nickname` varchar(50) CHARACTER SET utf8mb4 COLLATE utf8mb4_0900_ai_ci NOT NULL COMMENT '用户昵称',
  `account` varchar(50) CHARACTER SET utf8mb4 COLLATE utf8mb4_0900_ai_ci NOT NULL COMMENT '用户账号',
  `password` varchar(100) CHARACTER SET utf8mb4 COLLATE utf8mb4_0900_ai_ci NOT NULL COMMENT '用户密码',
  `phoneNumber` varchar(20) CHARACTER SET utf8mb4 COLLATE utf8mb4_0900_ai_ci NOT NULL COMMENT '用户手机号',
  `address` text CHARACTER SET utf8mb4 COLLATE utf8mb4_0900_ai_ci NOT NULL COMMENT '用户地址',
  `userType` int NULL DEFAULT 0 COMMENT '用户类型（0：普通用户 | 1：VIP 用户）',
  `gender` int NULL DEFAULT 2 COMMENT '用户性别（0：男 | 1：女 | 2：未知）',
  `createTime` datetime NOT NULL DEFAULT CURRENT_TIMESTAMP COMMENT '用户账号创建时间',
  `updateTime` datetime NULL DEFAULT NULL COMMENT '用户账号更新时间',
  `isDeleted` int NULL DEFAULT 0 COMMENT '用户是否删除（0：未删除 | 1：已删除）',
  PRIMARY KEY (`userId`) USING BTREE,
  UNIQUE INDEX `userid`(`userId` ASC) USING BTREE,
  INDEX `gender`(`gender` ASC) USING BTREE,
  INDEX `usertype`(`userType` ASC) USING BTREE,
  UNIQUE INDEX `account`(`account` ASC) USING BTREE
) ENGINE = InnoDB CHARACTER SET = utf8mb4 COLLATE = utf8mb4_0900_ai_ci ROW_FORMAT = DYNAMIC;

-- ----------------------------
-- Records of user
-- ----------------------------
INSERT INTO `user` VALUES ('51481619848372224', '司梦丝', '梦丝', 'simengsi', '49dc52e6bf2abe5ef6e2bb5b0f1ee2d765b922ae6cc8b95d39dc06c21c848f8c', '13988687799', '广东省肇庆市', 0, 1, '2024-05-22 09:29:34', NULL, 0);
INSERT INTO `user` VALUES ('51483200459251712', '管理员', 'boss', 'admin', '49dc52e6bf2abe5ef6e2bb5b0f1ee2d765b922ae6cc8b95d39dc06c21c848f8c', '13899996898', '云梦泽', 1, 0, '2024-05-22 09:35:51', '2024-05-30 09:03:24', 0);
INSERT INTO `user` VALUES ('51563876156055552', '厉书文', '书文', 'lishuwen', '49dc52e6bf2abe5ef6e2bb5b0f1ee2d765b922ae6cc8b95d39dc06c21c848f8c', '13988687799', '广东省汕头市', 1, 1, '2024-05-22 14:56:26', NULL, 0);
INSERT INTO `user` VALUES ('51564333507158016', '盖淼淼', '淼淼', 'gaimiaomiao', '49dc52e6bf2abe5ef6e2bb5b0f1ee2d765b922ae6cc8b95d39dc06c21c848f8c', '15922889933', '广东省珠海市', 0, 1, '2024-05-22 14:58:15', NULL, 0);
INSERT INTO `user` VALUES ('51564750014128128', '段之双', '之双', 'duanzhishuang', '49dc52e6bf2abe5ef6e2bb5b0f1ee2d765b922ae6cc8b95d39dc06c21c848f8c', '13866332211', '广东省湛江市', 0, 1, '2024-05-22 14:59:54', NULL, 0);
INSERT INTO `user` VALUES ('51565026016108544', '牧靖柔', '靖柔', 'mujingrou', '49dc52e6bf2abe5ef6e2bb5b0f1ee2d765b922ae6cc8b95d39dc06c21c848f8c', '16877116789', '广东省中山市', 0, 1, '2024-05-22 15:01:00', NULL, 0);
INSERT INTO `user` VALUES ('51565362583838720', '于飞白', '飞白', 'yufeibai', '49dc52e6bf2abe5ef6e2bb5b0f1ee2d765b922ae6cc8b95d39dc06c21c848f8c', '13566441234', '广东省韶关市', 0, 0, '2024-05-22 15:02:20', NULL, 0);
INSERT INTO `user` VALUES ('51565719888207872', '应泽宇', '泽宇', 'yingzeyu', '49dc52e6bf2abe5ef6e2bb5b0f1ee2d765b922ae6cc8b95d39dc06c21c848f8c', '13455887766', '广东省深圳市', 0, 0, '2024-05-22 15:03:45', NULL, 0);
INSERT INTO `user` VALUES ('51566162076901376', '石鸿羽', '鸿羽', 'shihongyu', '49dc52e6bf2abe5ef6e2bb5b0f1ee2d765b922ae6cc8b95d39dc06c21c848f8c', '13899784567', '广东省清远市', 0, 0, '2024-05-22 15:05:31', '2024-06-05 14:32:12', 0);
INSERT INTO `user` VALUES ('51566514897559552', '傅立轩', '立轩', 'fulixuan', '49dc52e6bf2abe5ef6e2bb5b0f1ee2d765b922ae6cc8b95d39dc06c21c848f8c', '13544559988', '广东省广州市', 1, 0, '2024-05-22 15:06:55', '2024-06-05 14:32:12', 0);
INSERT INTO `user` VALUES ('53298817336221696', '谭语燕', '语燕', 'tangyuyan', '49dc52e6bf2abe5ef6e2bb5b0f1ee2d765b922ae6cc8b95d39dc06c21c848f8c', '13866961234', '广东省江门市', 0, 1, '2024-05-27 09:50:28', '2024-06-05 14:32:12', 0);
INSERT INTO `user` VALUES ('53374676264951808', '谢若华', '若华', 'xieruohua', '49dc52e6bf2abe5ef6e2bb5b0f1ee2d765b922ae6cc8b95d39dc06c21c848f8c', '13288281234', '广东省揭阳市', 0, 1, '2024-05-27 14:51:54', '2024-06-05 14:31:35', 0);
INSERT INTO `user` VALUES ('56628654691983360', '江书双', '书双', 'jiangshushuang', '49dc52e6bf2abe5ef6e2bb5b0f1ee2d765b922ae6cc8b95d39dc06c21c848f8c', '18824311234', '湖南省长沙市', 0, 1, '2024-06-05 14:22:03', '2024-06-05 14:32:12', 0);

SET FOREIGN_KEY_CHECKS = 1;
